<?xml version="1.0" encoding="utf-8"?>

<bean name="jyx2shop" from="JYX2小宝商店.xlsx" to="jyx2shop.xml" >
    <variable name="Id" fromCol="代号" type="string" />
	
	<variable fromIndex="1" endIndex="5" type="collection" >
		<bean name="ShopItems">
			<variable name="Id" notNull="true" fromCol="物品[index]" type="int" />
			<variable name="Count" fromCol="物品[index]数量" type="int" />
			<variable name="Price" fromCol="物品[index]价格" type="int" />
		</bean>
	</variable>
	<variable name="Trigger" fromCol="Trigger" type="int" />
</bean>