<?xml version="1.0" encoding="utf-8"?>

<bean name="jyx2role" from="JYX2人物.xlsx" to="jyx2role.xml" >
    <variable name="Id" fromCol="代号" type="string" />
    <variable name="Head" fromCol="头像/战斗代号" type="int" />
    <variable name="HpInc" fromCol="生命增长" type="int" />
	<variable name="Name" fromCol="姓名" type="string" />
	<variable name="Waihao" fromCol="外号" type="string" />
	<variable name="Sex" fromCol="性别" type="int" />
    <variable name="Level" fromCol="等级" type="int" />
	<variable name="Exp" fromCol="经验值" type="int" />
	<variable name="Hp" fromCol="生命" type="int" />
	<variable name="MaxHp" fromCol="生命最大值" type="int" />
	<variable name="DamageLevel" fromCol="受伤程度" type="int" />
	<variable name="PoisonLevel" fromCol="中毒程度" type="int" />
	<variable name="Tili" fromCol="体力" type="int" />
	<variable name="Xiulian" fromCol="物品修炼点数" type="int" />
	<variable name="Weapon" fromCol="武器" type="int" />
	<variable name="Armor" fromCol="防具" type="int" />
	<variable name="MpType" fromCol="内力性质" type="int" />
	<variable name="Mp" fromCol="内力" type="int" />
	<variable name="MaxMp" fromCol="内力最大值" type="int" />
	<variable name="Attack" fromCol="攻击力" type="int" />
	<variable name="Qinggong" fromCol="轻功" type="int" />
	<variable name="Defence" fromCol="防御力" type="int" />
	<variable name="Heal" fromCol="医疗" type="int" />
	<variable name="Poison" fromCol="用毒" type="int" />
	<variable name="DePoison" fromCol="解毒" type="int" />
	<variable name="AntiPoison" fromCol="抗毒" type="int" />
	<variable name="Quanzhang" fromCol="拳掌" type="int" />
	<variable name="Yujian" fromCol="御剑" type="int" />
	<variable name="Shuadao" fromCol="耍刀" type="int" />
	<variable name="Qimen" fromCol="特殊兵器" type="int" />
	<variable name="Anqi" fromCol="暗器技巧" type="int" />
	<variable name="Wuxuechangshi" fromCol="武学常识" type="int" />
	<variable name="Pinde" fromCol="品德" type="int" />
	<variable name="AttackPoison" fromCol="攻击带毒" type="int" />
	<variable name="Zuoyouhubo" fromCol="左右互搏" type="int" />
	<variable name="Shengwang" fromCol="声望" type="int" />
	<variable name="Zizhi" fromCol="资质" type="int" />
	<variable name="Xiulianwupin" fromCol="修练物品" type="int" />
	<variable name="XiulianPoint" fromCol="修炼点数" type="int" />
	<variable name="Dialogue" fromCol="离场对话" type="string" />
	<variable fromIndex="1" endIndex="10" type="collection" >
		<bean name="Wugongs">
			<variable name="Id" notNull="true" fromCol="所会武功[index]" type="int" />
			<variable name="Level" fromCol="所会武功[index]等级" type="int" />
		</bean>
	</variable>
	
	<variable fromIndex="1" endIndex="4" type="collection" >
		<bean name="Items">
			<variable name="Id" notNull="true" fromCol="携带物品[index]" type="int" />
			<variable name="Count" fromCol="携带物品[index]数量" type="int" />
		</bean>
	</variable>
</bean>