<?xml version="1.0" encoding="utf-8"?>

<bean name="jyx2item" from="JYX2物品.xlsx" to="jyx2item.xml" >
    <variable name="Id" fromCol="代号" type="string" />
	<variable name="Name" fromCol="物品名" type="string" />
	<variable name="Brief" fromCol="物品缩写" type="string" />
	<variable name="Desc" fromCol="物品说明" type="string" />
    <variable name="Wugong" fromCol="练出武功" type="int" />
    <variable name="AnqiAnimation" fromCol="暗器动画编号" type="int" />
	<!--<variable name="User" fromCol="使用人" type="int" />-->
	<variable name="EquipmentType" fromCol="装备类型" type="int" />
    <variable name="IsShowDesc" fromCol="显示物品说明" type="int" />
	<variable name="ItemType" fromCol="类型" type="int" />
	<variable name="AddHp" fromCol="加生命" type="int" />
	<variable name="AddMaxHp" fromCol="加生命最大值" type="int" />
	<variable name="Jiedu" fromCol="加中毒解毒" type="int" />
	<variable name="AddTili" fromCol="加体力" type="int" />
	<variable name="ChangeNeigongType" fromCol="改变内力性质" type="int" />
	<variable name="AddMp" fromCol="加内力" type="int" />
	<variable name="AddMaxMp" fromCol="加内力最大值" type="int" />
	<variable name="Attack" fromCol="加攻击力" type="int" />
	<variable name="Qinggong" fromCol="加轻功" type="int" />
	<variable name="Defence" fromCol="加防御力" type="int" />
	<variable name="Heal" fromCol="加医疗" type="int" />
	<variable name="Poison" fromCol="加使毒" type="int" />
	<variable name="DePoison" fromCol="加解毒" type="int" />
	<variable name="AntiPoison" fromCol="加抗毒" type="int" />
	<variable name="Quanzhang" fromCol="加拳掌" type="int" />
	<variable name="Yujian" fromCol="加御剑" type="int" />
	<variable name="Shuadao" fromCol="加耍刀" type="int" />
	<variable name="Qimen" fromCol="加特殊兵器" type="int" />
	<variable name="Anqi" fromCol="加暗器技巧" type="int" />
	<variable name="Wuxuechangshi" fromCol="加武学常识" type="int" />
	<variable name="AddPinde" fromCol="加品德" type="int" />
	<variable name="AttackFreq" fromCol="加攻击次数" type="int" />
	<variable name="AttackPoison" fromCol="加功夫带毒" type="int" />
	<variable name="UserLearnLimit" fromCol="仅修炼人物" type="int" />
	<variable name="ConditionNeili" fromCol="需内力性质" type="int" />
	<variable name="ConditionMp" fromCol="需内力" type="int" />
	<variable name="ConditionAttack" fromCol="需攻击力" type="int" />
	<variable name="ConditionQinggong" fromCol="需轻功" type="int" />
	<variable name="ConditionPoison" fromCol="需用毒" type="int" />
	<variable name="ConditionHeal" fromCol="需医疗" type="int" />
	<variable name="ConditionDePoison" fromCol="需解毒" type="int" />
	<variable name="ConditionQuanzhang" fromCol="需拳掌" type="int" />
	<variable name="ConditionYujian" fromCol="需御剑" type="int" />
	<variable name="ConditionShuadao" fromCol="需耍刀" type="int" />
	<variable name="ConditionQimen" fromCol="需特殊兵器" type="int" />
	<variable name="ConditionAnqi" fromCol="需暗器" type="int" />
	<variable name="ConditionZizhi" fromCol="需资质" type="int" />
	<variable name="ConditionExp" fromCol="需经验" type="int" />
	<variable name="GenerateItemNeedExp" fromCol="练出物品需经验" type="int" />
	<variable name="GenerateItemNeedCost" fromCol="需材料" type="int" />
	
	<variable fromIndex="1" endIndex="5" type="collection" >
		<bean name="GenerateItems">
			<variable name="Id" notNull="true" fromCol="练出物品[index]" type="int" />
			<variable name="Count" fromCol="需要物品[index]数量" type="int" />
		</bean>
	</variable>
</bean>