<?xml version="1.0" encoding="utf-8"?>

<bean name="jyx2skill" from="JYX2武功.xlsx" to="jyx2skill.xml" >
    <variable name="Id" fromCol="代号" type="string" />
	<variable name="Name" fromCol="名称" type="string" />
    <variable name="SoundEffect" fromCol="出招音效" type="int" />
	<variable name="SkillType" fromCol="武功类型" type="int" />
	<variable name="Animation" fromCol="武功动画音效" type="int" />
    <variable name="DamageType" fromCol="伤害类型" type="int" />
	<variable name="SkillCoverType" fromCol="攻击范围" type="int" />
	<variable name="MpCost" fromCol="消耗内力点数" type="int" />
	<variable name="Poison" fromCol="敌人中毒点数" type="int" />
	<variable fromIndex="1" endIndex="10" type="collection" >
		<bean name="SkillLevels">
			<variable name="Attack" notNull="true" fromCol="[index]级攻击力" type="int" />
			<variable name="SelectRange" fromCol="[index]级移动范围" type="int" />
			<variable name="AttackRange" fromCol="[index]级杀伤范围" type="int" />
			<variable name="AddMp" fromCol="[index]级加内力" type="int" />
			<variable name="KillMp" fromCol="[index]级杀伤内力" type="int" />
		</bean>
	</variable>
</bean>