<?xml version="1.0" encoding="utf-8"?>

<bean name="jyx2battle" from="JYX2战斗.xlsx" to="jyx2battle.xml" >
    <variable name="Id" fromCol="编号" type="string" />
    <variable name="Name" fromCol="名称" type="string" />
    <variable name="MapId" fromCol="地图号" type="int" />
	<variable name="Exp" fromCol="经验" type="int" />
	<variable name="Music" fromCol="音乐" type="int" />
	<variable fromIndex="0" endIndex="5" type="collection" >
		<bean name="TeamMates">
			<variable name="Value" notNull="true" fromCol="队友[index]" type="int" />
		</bean>
	</variable>
	<variable fromIndex="0" endIndex="5" type="collection" >
		<bean name="AutoTeamMates">
			<variable name="Value" notNull="true" fromCol="自动队友[index]" type="int" />
		</bean>
	</variable>
	<variable fromIndex="0" endIndex="19" type="collection" >
		<bean name="Enemies">
			<variable name="Value" notNull="true" fromCol="敌人[index]" type="int" />
		</bean>
	</variable>
</bean>